year,ba_code,hhi_cap,hhi_gen,hhi_cap_smoothed,hhi_gen_smoothed,norm_hhi_cap_smoothed,norm_hhi_gen_smoothed,eff_no_firms_smoothed_cap,eff_no_firms_smoothed_gen
1990,BPA,1745.730114,1704.994843,1743.6871,1635.2317,100,100,5.7349739,6.1153412
1991,BPA,1716.12852,1813.554193,1739.4976,1624.425,99.759727,99.339134,5.7487864,6.1560245
1992,BPA,1778.08151,1514.240614,1726.7076,1619.0432,99.02623,99.010017,5.7913685,6.1764874
1993,BPA,1740.035093,1558.23393,1708.7719,1615.9185,97.99762,98.818932,5.8521562,6.1884313
1994,BPA,1699.152179,1441.90904,1676.5825,1612.1292,96.151566,98.587204,5.9645143,6.2029772
1995,BPA,1622.05008,1672.181023,1649.2155,1606.656,94.582077,98.252502,6.063489,6.2241077
1996,BPA,1614.521262,1637.375594,1619.2692,1586.1311,92.864662,96.99733,6.1756253,6.3046489
1997,BPA,1498.686743,1674.488661,1591.2626,1546.4166,91.258492,94.568657,6.284318,6.4665627
1998,BPA,1511.393284,1424.381814,1539.9276,1489.0438,88.314445,91.060112,6.4938116,6.7157192
1999,BPA,1576.935977,1629.422625,1463.8202,1407.2118,83.949707,86.055801,6.83144,7.1062508
2000,BPA,1532.090594,1536.774423,1381.4093,1309.0358,79.223465,80.05201,7.2389841,7.6392107
2001,BPA,1419.614048,1097.444654,1337.5837,1222.3424,76.710075,74.750412,7.4761672,8.1810141
2002,BPA,1329.848987,1272.428613,1320.5204,1167.3269,75.731499,71.386024,7.572772,8.5665808
2003,BPA,1267.652954,1172.288181,1302.5701,1141.8148,74.702049,69.825874,7.6771302,8.757988
2004,BPA,1285.626859,1101.578415,1279.2775,1128.2892,73.366226,68.998734,7.8169127,8.8629761
2005,BPA,1262.940189,1073.152691,1246.3889,1109.4575,71.48008,67.847115,8.0231781,9.0134144
2006,BPA,1230.775487,1202.6477,1214.7085,1091.8606,69.663216,66.771004,8.2324276,9.1586781
2007,BPA,1183.345288,1056.502112,1180.0447,1080.6382,67.675255,66.084717,8.4742556,9.2537909
2008,BPA,1146.204167,999.8903438,1140.7141,1071.254,65.419655,65.510841,8.7664385,9.3348541
2009,BPA,1086.847749,1000.756539,1099.77,1062.2408,63.071522,64.959656,9.0928097,9.4140606
2010,BPA,1050.168313,886.0019979,1054.8567,1051.8486,60.495754,64.324135,9.4799604,9.5070715
2011,BPA,1031.057622,1283.684312,1009.8763,1038.7997,57.916142,63.526146,9.9022026,9.6264954
2012,BPA,980.4365098,1165.49898,968.20496,1029.845,55.526299,62.978535,10.328392,9.7101994
2013,BPA,891.0012173,927.1879854,931.84802,1025.9591,53.441238,62.740902,10.731363,9.7469769
2014,BPA,873.0922743,977.7853706,900.2796,1017.83,51.630798,62.243778,11.10766,9.8248234
2015,BPA,873.1330076,943.6403068,872.06854,1002.678,50.012901,61.317184,11.466989,9.9732914
2016,BPA,856.8997973,971.3241574,851.33643,977.27429,48.823921,59.76366,11.746238,10.232542
2017,BPA,844.2595961,1060.966567,838.40222,951.00519,48.08215,58.157215,11.927449,10.51519
2018,BPA,804.1010232,989.4270244,826.62488,932.41724,47.406719,57.020496,12.097385,10.724813
2019,BPA,809.1055381,850.7339719,816.76587,910.70636,46.841309,55.692802,12.243411,10.980488
2020,BPA,814.407819,896.779221,810.89459,886.79547,46.504593,54.230572,12.332059,11.276557
2021,BPA,799.407674,794.8239494,803.30389,864.29742,46.069267,52.854736,12.448589,11.570091
2022,BPA,807.227512,916.2932215,799.35248,841.30212,45.842655,51.448498,12.510126,11.886336
2023,BPA,815.8665984,748.8280526,794.93036,820.96112,45.589046,50.204575,12.579719,12.180845
2024,BPA,747.3684674,726.521313,789.68762,806.53693,45.28838,49.322487,12.663235,12.398688
1990,CAISO,1746.744464,1789.949884,1692.6746,1744.3406,100,100,5.9078102,5.7328253
1991,CAISO,1706.651055,1701.999415,1668.775,1720.4629,98.588058,98.631134,5.9924197,5.8123894
1992,CAISO,1623.338843,1801.858663,1643.9121,1688.8154,97.119209,96.816841,6.0830503,5.9213099
1993,CAISO,1608.556128,1529.872937,1616.4906,1619.4742,95.499199,92.841629,6.1862407,6.1748433
1994,CAISO,1556.794023,1741.02393,1589.7535,1531.2731,93.919624,87.78521,6.2902832,6.5305138
1995,CAISO,1583.233349,1303.873167,1573.7893,1449.4724,92.976486,83.095726,6.3540907,6.8990622
1996,CAISO,1561.247576,1271.149108,1565.4999,1389.1464,92.486763,79.637337,6.3877358,7.1986656
1997,CAISO,1547.13401,1322.23349,1561.0399,1332.3245,92.223274,76.379837,6.4059863,7.5056791
1998,CAISO,871.2431503,1127.530207,1417.0441,1214.0448,83.71627,69.599068,7.0569434,8.236928
1999,CAISO,518.6627309,1022.179503,968.60028,888.08398,57.223064,50.912304,10.324176,11.260197
2000,CAISO,477.6552335,2929.131828,523.43579,556.61017,30.923594,31.909489,19.10454,17.965895
2001,CAISO,378.9150882,466.662208,378.7244,463.2955,22.374319,26.559923,26.404425,21.584496
2002,CAISO,406.0194576,465.0749912,369.62042,458.47928,21.836473,26.283817,27.054783,21.811237
2003,CAISO,353.048239,475.9483506,355.96878,459.29501,21.029961,26.330582,28.092352,21.772499
2004,CAISO,345.8082632,399.3932558,336.93616,459.87469,19.905548,26.363813,29.679213,21.745054
2005,CAISO,313.3204596,498.5125425,314.49371,458.60156,18.579691,26.290827,31.797138,21.80542
2006,CAISO,272.7786959,471.6350888,296.79196,456.94574,17.533905,26.195902,33.693634,21.884436
2007,CAISO,273.5841262,451.2358302,288.75528,461.31699,17.059114,26.446497,34.631401,21.677069
2008,CAISO,272.6991769,431.4300916,289.7377,472.86655,17.117153,27.108614,34.513977,21.147615
2009,CAISO,295.4725394,468.874975,296.39975,488.68948,17.510735,28.015715,33.73822,20.462893
2010,CAISO,327.8158305,518.1926214,301.28485,494.66132,17.799337,28.35807,33.191181,20.215853
2011,CAISO,316.9672735,623.0479534,298.87546,487.09512,17.656994,27.924313,33.458752,20.529871
2012,CAISO,301.1854616,420.424274,288.47745,464.58115,17.0427,26.633627,34.664753,21.524765
2013,CAISO,262.135715,401.7733827,271.83865,435.31012,16.059711,24.955568,36.786526,22.972128
2014,CAISO,243.8945518,365.7543041,254.03635,410.31888,15.007985,23.522865,39.364445,24.371288
2015,CAISO,236.1373426,393.3640825,239.42763,403.64972,14.14493,23.140533,41.766273,24.773954
2016,CAISO,224.5616984,430.8495395,229.51663,408.3587,13.559407,23.410492,43.569828,24.488274
2017,CAISO,220.9527628,430.283644,222.6308,411.89935,13.152605,23.61347,44.917416,24.277775
2018,CAISO,218.2130853,406.3417149,215.64444,404.58328,12.739864,23.194054,46.372631,24.716789
2019,CAISO,215.9082302,415.2811419,207.24402,385.81693,12.243584,22.11821,48.252296,25.919029
2020,CAISO,199.1133761,357.2419574,196.90111,364.86667,11.632544,20.91717,50.786915,27.407272
2021,CAISO,184.5743963,312.4870063,184.14491,348.55743,10.878932,19.982189,54.305058,28.689676
2022,CAISO,168.4277996,324.086988,171.92926,337.86652,10.157254,19.369297,58.163456,29.597488
2023,CAISO,158.3806237,342.928497,162.44075,333.9017,9.5966911,19.142002,61.560909,29.948935
2024,CAISO,134.941835,343.7379468,154.74136,336.54105,9.1418257,19.29331,64.623962,29.714058
1990,DUKE-CP,3160.066627,3180.697875,3224.229,3197.2053,100,100,3.1015167,3.1277316
1991,DUKE-CP,3263.799805,3227.269765,3231.0227,3220.7695,100.21071,100.73702,3.0949953,3.1048481
1992,DUKE-CP,3261.420972,3178.289918,3227.8833,3234.6841,100.11334,101.17223,3.0980055,3.0914919
1993,DUKE-CP,3256.654932,3345.968806,3235.0959,3249.7834,100.33704,101.6445,3.0910985,3.0771282
1994,DUKE-CP,3153.869436,3222.116249,3254.4431,3300.6211,100.9371,103.23457,3.0727224,3.0297327
1995,DUKE-CP,3205.271734,3255.923828,3260.9807,3337.2952,101.13986,104.38164,3.0665622,2.9964385
1996,DUKE-CP,3495.281459,3570.003578,3270.3486,3353.9851,101.4304,104.90365,3.0577779,2.9815278
1997,DUKE-CP,3169.89764,3286.453811,3286.9253,3383.4714,101.94453,105.8259,3.042357,2.9555445
1998,DUKE-CP,3504.271927,3639.527997,3306.5461,3392.8433,102.55308,106.11903,3.0243037,2.9473805
1999,DUKE-CP,3693.749252,3815.033588,3330.3118,3525.6055,103.29018,110.27148,3.0027218,2.8363922
2000,DUKE-CP,3678.70552,4187.003435,3381.5044,3732.9343,104.87792,116.75616,2.9572637,2.6788578
2001,DUKE-CP,3445.573502,3764.757017,3379.0881,3708.7671,104.80298,116.00028,2.9593782,2.6963139
2002,DUKE-CP,3346.152299,3679.943228,3345.4558,3696.2549,103.75987,115.60893,2.9891293,2.7054412
2003,DUKE-CP,3362.618707,3651.11515,3308.4824,3684.5371,102.61314,115.24243,3.0225339,2.714045
2004,DUKE-CP,3210.261578,3688.13028,3260.6882,3676.6174,101.13079,114.99472,3.0668373,2.7198913
2005,DUKE-CP,3201.306275,3669.049712,3208.3381,3695.1123,99.507141,115.5732,3.1168785,2.7062776
2006,DUKE-CP,3193.410595,3706.635335,3161.4314,3730.3171,98.052322,116.67431,3.1631241,2.6807373
2007,DUKE-CP,3079.028821,3780.726107,3128.6182,3757.5818,97.034615,117.52707,3.1962993,2.6612861
2008,DUKE-CP,3091.104135,3835.271145,3104.76,3758.3354,96.294647,117.55064,3.220861,2.6607523
2009,DUKE-CP,3088.365519,3757.90937,3088.1602,3729.356,95.7798,116.64424,3.238174,2.6814282
2010,DUKE-CP,3076.445446,3628.287444,3075.6838,3683.4695,95.392845,115.20904,3.2513094,2.7148318
2011,DUKE-CP,3098.734833,3616.036643,3057.0884,3639.0825,94.816109,113.82073,3.2710862,2.7479453
2012,DUKE-CP,3026.748934,3624.12507,3028.0674,3621.2329,93.916016,113.26244,3.3024364,2.7614903
2013,DUKE-CP,2994.163563,3606.626154,2987.4763,3613.1169,92.657074,113.0086,3.347307,2.7676935
2014,DUKE-CP,2946.708969,3641.697107,2932.6545,3591.8894,90.956772,112.34466,3.4098799,2.78405
2015,DUKE-CP,2894.79542,3556.522659,2871.9944,3563.4646,89.075386,111.4556,3.4819009,2.8062577
2016,DUKE-CP,2789.942654,3500.022804,2809.271,3512.7256,87.130005,109.86863,3.5596423,2.8467922
2017,DUKE-CP,2733.86081,3508.77165,2750.4836,3440.6821,85.306709,107.6153,3.6357243,2.9064004
2018,DUKE-CP,2677.665132,3341.377098,2697.3699,3354.7773,83.659378,104.92843,3.707315,2.9808238
2019,DUKE-CP,2666.148208,3262.909684,2650.8044,3280.9966,82.215141,102.62077,3.7724397,3.0478544
2020,DUKE-CP,2614.328109,3131.363165,2607.7654,3215.6125,80.88028,100.57573,3.8347008,3.1098273
2021,DUKE-CP,2557.449008,3235.975655,2568.1501,3188.1926,79.651604,99.718109,3.8938534,3.1365733
2022,DUKE-CP,2510.427587,3136.15292,2533.1516,3187.8464,78.566116,99.707275,3.9476516,3.136914
2023,DUKE-CP,2502.646546,3204.60173,2509.2754,3199.1423,77.825592,100.06059,3.9852142,3.1258378
2024,DUKE-CP,2464.128188,3233.825901,2493.3047,3201.679,77.330261,100.13992,4.0107412,3.1233613
1990,DUKE-FL,2496.319911,2493.475864,2473.4116,2428.5276,100,100,4.0429988,4.1177216
1991,DUKE-FL,2473.834531,2444.912011,2451.1873,2372.4158,99.101471,97.689468,4.0796556,4.2151127
1992,DUKE-FL,2408.54706,2270.114684,2409.9707,2292.0474,97.435081,94.380127,4.1494279,4.3629117
1993,DUKE-FL,2382.205301,2194.769085,2342.4702,2172.9434,94.706039,89.475754,4.2689977,4.6020527
1994,DUKE-FL,2243.078471,2037.24768,2265.2634,2053.272,91.584572,84.548019,4.4144979,4.8702755
1995,DUKE-FL,2178.311667,1924.726836,2196.3708,1952.2384,88.799248,80.387741,4.5529652,5.1223254
1996,DUKE-FL,2113.624617,1845.799919,2155.5305,1884.7716,87.148071,77.609642,4.6392293,5.3056827
1997,DUKE-FL,2145.262606,1802.144186,2138.5701,1844.052,86.462357,75.932922,4.6760216,5.4228406
1998,DUKE-FL,2015.583336,1898.882476,2135.7935,1818.0277,86.350105,74.861313,4.6821008,5.5004663
1999,DUKE-FL,2227.251142,2110.764726,2009.8021,1860.1112,81.256271,76.5942,4.9756141,5.3760228
2000,DUKE-FL,2177.138917,2511.383456,1749.7273,1851.3479,70.741455,76.233345,5.7151761,5.4014697
2001,DUKE-FL,1874.341737,1918.07811,1647.1766,1818.1011,66.595329,74.864334,6.0709944,5.5002441
2002,DUKE-FL,1457.981224,1734.670962,1565.046,1796.1952,63.274792,73.962311,6.3895884,5.5673237
2003,DUKE-FL,1456.725211,1764.225156,1487.1033,1781.524,60.123566,73.3582,6.7244825,5.6131716
2004,DUKE-FL,1393.049149,1761.907997,1443.4791,1763.9324,58.359844,72.63382,6.9277067,5.6691518
2005,DUKE-FL,1472.945928,1795.752991,1453.8677,1767.382,58.77985,72.775864,6.8782048,5.6580863
2006,DUKE-FL,1469.58948,1741.088188,1473.1531,1776.4443,59.559559,73.149025,6.7881608,5.6292224
2007,DUKE-FL,1503.39485,1769.399621,1493.0735,1775.8047,60.364941,73.122688,6.6975942,5.6312499
2008,DUKE-FL,1492.875912,1840.178651,1508.1575,1765.865,60.974789,72.713402,6.6306071,5.6629472
2009,DUKE-FL,1539.865228,1716.798306,1507.5276,1749.7745,60.949322,72.050842,6.6333776,5.7150221
2010,DUKE-FL,1526.25049,1721.776438,1492.0273,1717.1697,60.322647,70.70826,6.7022901,5.8235364
2011,DUKE-FL,1411.963118,1686.919271,1475.8119,1687.8971,59.667057,69.502899,6.7759314,5.9245319
2012,DUKE-FL,1471.203582,1638.497852,1476.1826,1690.7616,59.682045,69.62085,6.7742295,5.9144945
2013,DUKE-FL,1482.487315,1688.08572,1501.8712,1702.5662,60.720634,70.106934,6.6583605,5.873487
2014,DUKE-FL,1575.586977,1775.56613,1532.0649,1706.7478,61.941364,70.279121,6.5271382,5.8590965
2015,DUKE-FL,1545.042842,1731.528184,1561.8717,1720.6842,63.146454,70.852982,6.4025745,5.8116417
2016,DUKE-FL,1557.262173,1626.802079,1605.9435,1736.3417,64.928276,71.497711,6.2268691,5.7592354
2017,DUKE-FL,1666.861189,1799.807711,1668.9727,1771.8029,67.47654,72.957909,5.9917097,5.6439686
2018,DUKE-FL,1771.995645,1813.422264,1741.8884,1836.8778,70.42453,75.637512,5.7408957,5.4440203
2019,DUKE-FL,1819.129308,1936.885382,1804.5687,1902.8639,72.958687,78.354637,5.5414901,5.2552366
2020,DUKE-FL,1837.385447,1983.771755,1857.733,1961.4132,75.108124,80.765533,5.382905,5.0983648
2021,DUKE-FL,1901.107754,1952.867243,1910.7074,2037.8983,77.249878,83.914978,5.2336636,4.9070163
2022,DUKE-FL,1989.03473,2122.561572,1957.9285,2115.0012,79.159019,87.089859,5.107439,4.7281299
2023,DUKE-FL,2017.333323,2255.408707,1987.0449,2176.7537,80.336197,89.632652,5.032599,4.593997
2024,DUKE-FL,1985.689737,2269.113347,1998.322,2233.189,80.792137,91.956497,5.0041986,4.4779015
1990,ERCOT,1662.678857,1433.641978,1656.2781,1426.274,100,100,6.0376334,7.0112753
1991,ERCOT,1649.410862,1459.692523,1646.0663,1423.448,99.383446,99.801857,6.0750895,7.0251951
1992,ERCOT,1661.787327,1431.777611,1633.2648,1424.2594,98.610542,99.858749,6.1227059,7.021193
1993,ERCOT,1644.907278,1319.109298,1619.3408,1426.802,97.769867,100.03702,6.1753521,7.0086808
1994,ERCOT,1552.287441,1480.991096,1604.9176,1429.6652,96.89904,100.23776,6.2308493,6.9946446
1995,ERCOT,1582.194923,1447.227516,1593.8958,1433,96.233582,100.47157,6.2739363,6.9783669
1996,ERCOT,1582.565749,1453.827894,1585.5514,1440.7363,95.729782,101.01399,6.3069544,6.9408951
1997,ERCOT,1595.393355,1440.418971,1583.259,1451.3955,95.591377,101.76134,6.3160858,6.8899207
1998,ERCOT,1561.809021,1474.239956,1531.1298,1322.7947,92.444,92.744774,6.5311251,7.559752
1999,ERCOT,1562.541776,1461.382803,1369.9744,1048.4575,82.714035,73.510246,7.2994065,9.5378208
2000,ERCOT,1575.119811,2067.866205,1135.9199,774.16516,68.58268,54.278851,8.8034372,12.91714
2001,ERCOT,1202.844372,680.6780184,962.56427,638.97034,58.116104,44.799969,10.388917,15.650179
2002,ERCOT,1038.060538,598.52657,874.41504,627.17078,52.793976,43.972672,11.436217,15.94462
2003,ERCOT,697.7275085,651.1078507,793.23114,614.15729,47.892387,43.060257,12.606666,16.282475
2004,ERCOT,609.5813107,606.6061645,699.10645,597.87659,42.209484,41.918774,14.303973,16.725861
2005,ERCOT,538.5157713,555.2930174,591.82336,569.32629,35.732124,39.917034,16.896933,17.564619
2006,ERCOT,587.9703432,561.4868336,514.60236,544.47803,31.069805,38.174854,19.43248,18.366215
2007,ERCOT,420.5865053,533.9574614,464.35165,523.85071,28.035851,36.728615,21.535402,19.089409
2008,ERCOT,395.9068426,420.7832285,420.72769,503.48843,25.401997,35.300961,23.768343,19.861429
2009,ERCOT,355.9260387,507.7974372,383.3963,478.39117,23.148064,33.541321,26.082672,20.903397
2010,ERCOT,367.9011503,540.9563765,355.11349,448.96689,21.440451,31.478304,28.160011,22.273357
2011,ERCOT,314.0659767,402.2553836,340.3367,419.72781,20.548283,29.428272,29.382668,23.824965
2012,ERCOT,331.8453131,347.5449834,327.01593,388.56372,19.744024,27.243273,30.57955,25.735806
2013,ERCOT,324.5176959,342.8147711,318.99097,361.897,19.259506,25.373594,31.34885,27.632172
2014,ERCOT,309.994575,326.9130694,315.68323,353.85217,19.059795,24.809549,31.677324,28.260389
2015,ERCOT,276.6520965,280.640106,312.49612,359.42313,18.867371,25.200146,32.000397,27.822361
2016,ERCOT,340.5691048,422.0897076,304.81125,364.7597,18.403385,25.574306,32.80719,27.41531
2017,ERCOT,330.4681964,456.9801526,294.35675,364.80783,17.772182,25.577681,33.972382,27.411692
2018,ERCOT,266.7362276,349.6061364,280.19086,358.60818,16.916897,25.143007,35.689957,27.885588
2019,ERCOT,255.9788104,321.0511543,261.11826,342.74298,15.765364,24.030655,38.296825,29.176382
2020,ERCOT,239.6127635,307.623363,237.68301,314.29028,14.35043,22.035757,42.072842,31.817719
2021,ERCOT,212.2771295,293.3897438,216.99054,287.63577,13.101093,20.166935,46.084957,34.76619
2022,ERCOT,197.0146714,264.7858601,203.18732,273.01938,12.267706,19.142139,49.215672,36.627438
2023,ERCOT,182.1300599,247.7311353,192.2363,261.86328,11.606524,18.359955,52.019314,38.187866
2024,ERCOT,165.3119799,229.8629122,183.536,251.89734,11.081231,17.661217,54.485226,39.698711
1990,FPL,5245.307118,4603.697239,5177.9717,4541.0737,100,100,1.9312582,2.2021224
1991,FPL,5192.392744,4484.155055,5133.9629,4563.0093,99.150078,100.48305,1.947813,2.1915362
1992,FPL,5027.225113,4468.08283,5092.1621,4590.2446,98.342796,101.0828,1.9638023,2.1785331
1993,FPL,5016.295694,4676.965646,4992.3823,4614.689,96.415787,101.62109,2.0030518,2.1669934
1994,FPL,5020.784575,4735.510608,4880.9795,4636.3579,94.264313,102.09827,2.048769,2.1568654
1995,FPL,4642.230409,4696.214728,4825.6475,4652.8794,93.195709,102.4621,2.0722609,2.1492069
1996,FPL,4643.424233,4609.02057,4788.3701,4654.0127,92.475784,102.48705,2.0883932,2.1486835
1997,FPL,4958.868726,4592.645943,4773.8394,4636.7983,92.19516,102.10797,2.0947499,2.1566606
1998,FPL,4661.298204,4806.00511,4840.3735,4654.7236,93.48011,102.50271,2.0659564,2.1483552
1999,FPL,4903.212529,4852.229144,4616.5122,4723.0889,89.156769,104.00819,2.1661375,2.1172585
2000,FPL,4823.847562,5815.9099,4081.7095,4765.5581,78.828346,104.94342,2.4499538,2.0983901
2001,FPL,4274.155289,4914.821999,3980.1672,4754.7407,76.867302,104.70521,2.5124571,2.1031642
2002,FPL,3761.847468,4693.961504,3913.6335,4738.1621,75.582367,104.34013,2.5551703,2.110523
2003,FPL,3789.518549,4637.330989,3891.8445,4742.0205,75.16156,104.42509,2.5694757,2.1088057
2004,FPL,3806.485751,4674.639324,3880.2507,4762.8115,74.93766,104.88293,2.577153,2.0996001
2005,FPL,4060.132141,4799.134339,3951.9749,4807.3892,76.322838,105.86459,2.5303805,2.0801311
2006,FPL,3989.364172,4923.640966,4011.2183,4877.6895,77.46698,107.41269,2.4930081,2.0501511
2007,FPL,4090.465874,4975.962347,4093.3877,4942.7388,79.053886,108.84515,2.4429643,2.0231698
2008,FPL,4044.081879,5004.167409,4159.3901,5002.9785,80.32856,110.17171,2.4041986,1.9988093
2009,FPL,4386.991025,5078.582872,4230.1543,5077.4438,81.695198,111.81152,2.3639801,1.9694949
2010,FPL,4282.780517,4982.985331,4298.9751,5183.0786,83.024307,114.13773,2.3261359,1.9293553
2011,FPL,4296.351081,5282.367192,4366.2773,5316.4419,84.324089,117.07455,2.2902806,1.8809572
2012,FPL,4442.431871,5512.071412,4450.0952,5477.2573,85.942825,120.61591,2.247143,1.8257313
2013,FPL,4489.423818,5737.298094,4592.8813,5648.2393,88.700394,124.38114,2.1772826,1.7704632
2014,FPL,4822.006543,5749.73746,4755.8447,5803.2729,91.847641,127.79517,2.1026759,1.7231655
2015,FPL,4953.433776,6071.101965,4895.0044,5943.3398,94.535172,130.87961,2.0428991,1.6825557
2016,FPL,5059.092256,5985.858292,5021.1113,6091.2163,96.970619,134.13603,1.991591,1.6417083
2017,FPL,5039.17466,6126.805606,5132.9712,6236.7871,99.130928,137.34169,1.9481894,1.6033896
2018,FPL,5231.170261,6466.397382,5254.9883,6361.9795,101.48739,140.09857,1.9029539,1.5718378
2019,FPL,5448.683392,6676.617876,5382.0625,6466.0229,103.94152,142.38974,1.8580238,1.5465457
2020,FPL,5532.493047,6524.772999,5506.7183,6551.1709,106.34895,144.2648,1.8159636,1.5264447
2021,FPL,5600.283547,6546.304074,5577.8369,6590.6636,107.72243,145.13448,1.7928097,1.5172979
2022,FPL,5674.682432,6648.445808,5594.7759,6595.0444,108.04957,145.23094,1.7873816,1.5162901
2023,FPL,5579.129703,6657.82194,5593.2188,6595.4087,108.01949,145.23897,1.7878793,1.5162063
2024,FPL,5523.463733,6533.709683,5577.0938,6601.5381,107.70808,145.37395,1.7930486,1.5147985
1990,ISO-NE,769.0179606,893.7337495,725.32294,770.57336,100,100,13.786963,12.977349
1991,ISO-NE,734.9651356,736.1642879,709.90228,746.46472,97.873962,96.871338,14.086446,13.396481
1992,ISO-NE,680.884326,659.4187866,693.31329,719.26581,95.586845,93.341637,14.423493,13.903066
1993,ISO-NE,665.9418158,723.6226238,673.36926,688.57098,92.837166,89.358261,14.850693,14.522831
1994,ISO-NE,648.5563749,650.6621718,660.58167,661.50793,91.074142,85.846199,15.138174,15.116977
1995,ISO-NE,628.5566798,611.8057206,657.42596,650.23224,90.639069,84.382912,15.210838,15.379121
1996,ISO-NE,610.3371113,636.3168058,659.81207,642.3833,90.96804,83.364326,15.15583,15.56703
1997,ISO-NE,750.6809546,646.2453221,666.05817,635.41815,91.829185,82.460434,15.013703,15.737668
1998,ISO-NE,623.0591241,495.2013563,655.94495,614.22314,90.434883,79.709885,15.245182,16.280727
1999,ISO-NE,543.1486031,657.2559236,592.42682,551.073,81.677666,71.514671,16.879723,18.146416
2000,ISO-NE,534.5283775,1061.536763,498.54163,478.24457,68.733749,62.063469,20.058506,20.909803
2001,ISO-NE,526.4369198,470.8570185,429.29474,446.89407,59.186703,57.995007,23.29402,22.376667
2002,ISO-NE,388.4224409,432.1763385,406.4938,442.26239,56.043148,57.393936,24.60062,22.611012
2003,ISO-NE,395.224084,436.0647863,385.05338,438.63391,53.087162,56.923058,25.970425,22.798056
2004,ISO-NE,330.4266774,437.5329677,363.19998,437.31494,50.074245,56.751888,27.533041,22.866816
2005,ISO-NE,325.5694538,418.4912002,342.22885,437.68311,47.182964,56.799667,29.220213,22.84758
2006,ISO-NE,325.7371829,442.4785921,333.00458,442.39392,45.911217,57.411007,30.029617,22.604288
2007,ISO-NE,332.1465764,463.2321663,326.70029,448.8269,45.042046,58.245838,30.609095,22.280304
2008,ISO-NE,330.9682873,437.7836733,323.67172,454.02661,44.6245,58.92062,30.8955,22.025141
2009,ISO-NE,322.4495501,478.9527206,317.52725,453.92169,43.777363,58.907005,31.493361,22.030231
2010,ISO-NE,309.7300027,465.9508631,307.88531,448.953,42.448032,58.262199,32.479626,22.274046
2011,ISO-NE,306.0207489,439.1077469,295.21661,441.14084,40.701405,57.24839,33.873432,22.668497
2012,ISO-NE,274.2791412,408.7204424,281.66965,433.17221,38.833687,56.214272,35.502583,23.085506
2013,ISO-NE,266.2636842,434.6208538,268.79657,428.97522,37.058884,55.669613,37.202854,23.311369
2014,ISO-NE,249.2293665,403.5283679,257.58716,432.44193,35.513443,56.119499,38.821812,23.124493
2015,ISO-NE,247.1430248,437.6566448,248.02515,440.25055,34.195133,57.132854,40.318493,22.714338
2016,ISO-NE,240.6293739,468.4283657,241.09482,450.87134,33.239651,58.51115,41.477459,22.179276
2017,ISO-NE,237.9905068,469.970245,235.09982,460.35745,32.413124,59.742195,42.535122,21.72225
2018,ISO-NE,223.9872675,451.6410732,229.12155,466.2392,31.588902,60.505489,43.644955,21.448217
2019,ISO-NE,227.6076747,497.1991639,222.78,465.05667,30.714594,60.352032,44.887333,21.502756
2020,ISO-NE,218.2762285,456.061773,216.79082,456.14417,29.888868,59.195423,46.127415,21.922894
2021,ISO-NE,204.9737449,456.164193,211.11137,444.0083,29.105846,57.62051,47.368362,22.522102
2022,ISO-NE,205.1615386,433.404147,206.93852,432.33722,28.530537,56.105911,48.323532,23.130093
2023,ISO-NE,202.9552407,380.6544879,203.48222,421.2742,28.054018,54.670227,49.144341,23.737509
2024,ISO-NE,195.5943966,415.3864292,201.25999,412.97797,27.747639,53.593594,49.686974,24.214367
1990,MISO,277.8711537,268.3307585,276.36069,259.73883,100,100,36.184597,38.500214
1991,MISO,275.6832708,259.6997273,275.94012,257.29678,99.847824,99.059807,36.239746,38.865623
1992,MISO,275.4523894,250.5829263,275.32175,255.01633,99.624062,98.181824,36.32114,39.213177
1993,MISO,274.7342256,253.5239556,274.29462,252.43661,99.252403,97.188629,36.45715,39.613903
1994,MISO,274.4584615,246.1997461,273.13739,249.09416,98.833664,95.901779,36.61161,40.145462
1995,MISO,270.0784916,249.9890872,271.96036,246.89717,98.407761,95.055931,36.770065,40.502693
1996,MISO,271.6006071,245.4662504,271.00018,245.34006,98.060326,94.456444,36.900345,40.759754
1997,MISO,268.0410016,236.920043,270.14694,243.7459,97.751579,93.84269,37.016891,41.026333
1998,MISO,262.7895965,245.3921449,263.97394,240.30981,95.517906,92.519791,37.882526,41.612949
1999,MISO,260.9622521,259.1813137,237.44478,232.26756,85.918434,89.4235,42.115055,43.053795
2000,MISO,246.2191872,315.496758,204.40994,225.65013,73.964912,86.875778,48.921299,44.316395
2001,MISO,213.0756184,229.1554428,190.24503,222.31732,68.839394,85.592636,52.563793,44.980751
2002,MISO,182.4787787,215.8474019,183.97853,220.72412,66.571892,84.979256,54.354168,45.305424
2003,MISO,172.9341641,225.2551457,178.51505,219.24939,64.594948,84.411476,56.017689,45.610161
2004,MISO,165.8919944,213.669467,172.96803,217.73788,62.587784,83.829544,57.814152,45.926781
2005,MISO,166.5469275,214.337719,169.62061,216.12086,61.376534,83.206993,58.955101,46.270405
2006,MISO,173.2259818,215.6664957,168.54205,215.03256,60.986263,82.787994,59.332375,46.504585
2007,MISO,167.7606409,215.3605112,167.59502,213.32079,60.643581,82.128952,59.667645,46.877758
2008,MISO,168.520218,212.1472974,165.85432,210.84528,60.013718,81.17588,60.293877,47.428143
2009,MISO,161.8310233,212.8230831,163.01025,207.1328,58.984604,79.746567,61.345833,48.278206
2010,MISO,160.0772086,202.6203123,160.13976,202.26418,57.945923,77.872139,62.445457,49.440292
2011,MISO,155.9785441,192.7802043,157.92412,197.16423,57.144207,75.908646,63.321552,50.719139
2012,MISO,154.3357684,193.161165,157.41722,193.11235,56.960785,74.348663,63.525452,51.783325
2013,MISO,155.9595023,183.5285069,159.48119,191.45726,57.707623,73.711449,62.70332,52.23098
2014,MISO,157.797072,186.9562257,163.35178,192.61586,59.108181,74.157516,61.217579,51.916805
2015,MISO,172.6648672,193.4783368,167.64555,195.32962,60.661869,75.202316,59.649658,51.195511
2016,MISO,177.3191608,204.4868381,171.44351,198.05733,62.036144,76.252487,58.328251,50.490433
2017,MISO,174.0298549,205.8494428,174.53577,200.76016,63.155064,77.293091,57.294846,49.81068
2018,MISO,173.3257959,203.5132993,176.45848,202.39929,63.850788,77.924156,56.670555,49.407288
2019,MISO,177.5229681,196.5082116,177.47604,202.68379,64.218994,78.033691,56.345634,49.337936
2020,MISO,182.7135366,205.803683,178.05861,201.91925,64.429787,77.739342,56.161282,49.52475
2021,MISO,179.2859004,203.2353856,177.29869,200.71184,64.154816,77.274483,56.401997,49.82267
2022,MISO,177.6953251,200.5681057,175.09407,199.76678,63.357082,76.910637,57.112156,50.058372
2023,MISO,171.5574376,197.211285,172.58626,198.83194,62.449642,76.55072,57.942039,50.293732
2024,MISO,161.7575643,192.953113,169.95865,197.25914,61.498852,75.94519,58.837841,50.694736
1990,NEVP,1674.738087,1965.036437,1499.3866,1810.882,100,100,6.669394,5.522171
1991,NEVP,1639.694144,1866.668842,1473.9127,1772.7378,98.301048,97.893616,6.7846622,5.6409922
1992,NEVP,1533.133505,1897.128416,1448.2659,1739.7614,96.590561,96.072601,6.9048095,5.7479148
1993,NEVP,1524.971189,1619.812819,1423.5532,1715.2657,94.942375,94.71991,7.0246758,5.8300004
1994,NEVP,1498.143889,1697.794409,1402.2906,1692.7672,93.524292,93.477501,7.1311893,5.9074869
1995,NEVP,1500.554875,1553.452729,1384.5055,1667.5205,92.338127,92.083336,7.2227955,5.9969277
1996,NEVP,1493.984152,1485.957228,1369.3025,1626.0623,91.324181,89.793938,7.3029881,6.149826
1997,NEVP,1493.391442,1588.467705,1356.7278,1587.37,90.485519,87.657288,7.3706756,6.2997284
1998,NEVP,1499.378959,1498.340718,1346.0344,1547.3055,89.772339,85.444862,7.4292307,6.4628477
1999,NEVP,1481.375501,1581.344178,1336.1969,1517.5255,89.116234,83.800354,7.4839268,6.5896749
2000,NEVP,1381.441325,1972.15878,1327.2148,1484.9497,88.517189,82.001465,7.534575,6.7342348
2001,NEVP,1280.172686,1507.806704,1318.6102,1472.8403,87.943314,81.332764,7.5837421,6.7896023
2002,NEVP,1165.103641,1509.621455,1309.469,1479.1577,87.333649,81.681618,7.6366835,6.7606044
2003,NEVP,1021.22884,1398.772233,1298.9974,1486.318,86.635254,82.077026,7.6982446,6.7280354
2004,NEVP,885.0684969,1406.687522,1286.9341,1496.0203,85.830704,82.612801,7.7704058,6.6844015
2005,NEVP,1000.963057,1369.473094,1274.0366,1500.8033,84.97052,82.87693,7.8490682,6.6630983
2006,NEVP,1108.839681,1583.217544,1262.4,1503.6161,84.194435,83.032249,7.9214191,6.6506338
2007,NEVP,1137.256012,1725.106942,1251.4586,1508.1925,83.464706,83.284973,7.9906759,6.6304531
2008,NEVP,1441.511984,1557.019874,1240.3903,1515.0457,82.726517,83.663414,8.0619793,6.600461
2009,NEVP,1386.86107,1505.031609,1229.0732,1523.955,81.971741,84.155403,8.1362114,6.5618739
2010,NEVP,1383.365446,1432.170462,1217.7777,1533.5574,81.218391,84.685661,8.2116795,6.5207863
2011,NEVP,1471.21172,1460.532101,1208.3979,1537.1366,80.592819,84.883316,8.2754192,6.5056028
2012,NEVP,1394.074299,1536.974974,1201.636,1524.4005,80.141838,84.180008,8.3219881,6.5599556
2013,NEVP,1324.308837,1548.640893,1196.7422,1501.5199,79.815453,82.916496,8.356019,6.6599183
2014,NEVP,1394.744822,1548.025741,1192.1637,1474.4066,79.510094,81.419258,8.3881102,6.7823896
2015,NEVP,1314.241714,1650.733687,1187.7413,1442.0292,79.215149,79.631317,8.419342,6.9346724
2016,NEVP,1213.957699,1512.716621,1183.5735,1403.4437,78.93718,77.500565,8.4489899,7.1253304
2017,NEVP,1124.831261,1307.957834,1179.8297,1347.7452,78.687492,74.424797,8.4757996,7.4197998
2018,NEVP,1121.411043,1205.070651,1175.4418,1280.2262,78.394844,70.696281,8.5074396,7.8111196
2019,NEVP,1073.058913,1122.132567,1168.8894,1209.2195,77.95784,66.775169,8.5551291,8.2697973
2020,NEVP,1068.281672,1183.985416,1159.0482,1148.2544,77.301491,63.408573,8.6277685,8.7088718
2021,NEVP,986.6845822,1153.561263,1146.1965,1094.2538,76.444366,60.426567,8.7245073,9.138648
2022,NEVP,913.2147201,891.5923318,1130.3923,1052.8953,75.39032,58.142677,8.8464861,9.4976206
2023,NEVP,873.2961817,897.6166179,1112.2336,1022.2358,74.179245,56.449608,8.9909163,9.7824793
2024,NEVP,896.7643135,921.429332,1093.6217,995.62079,72.937943,54.979885,9.1439295,10.043984
1990,NYISO,1674.582062,1507.528177,1644.2202,1487.9779,100,100,6.0819106,6.72053
1991,NYISO,1653.56118,1525.363947,1618.2157,1471.0942,98.418427,98.865326,6.179646,6.7976608
1992,NYISO,1572.287474,1394.484906,1568.5995,1442.9956,95.400818,96.976952,6.3751135,6.930028
1993,NYISO,1535.194003,1440.299469,1491.8854,1385.9238,90.73513,93.141426,6.7029276,7.2154036
1994,NYISO,1370.840715,1342.710618,1421.1479,1343.4323,86.432945,90.285767,7.0365648,7.4436207
1995,NYISO,1316.480498,1202.757127,1369.6763,1323.7754,83.302483,88.964722,7.3009953,7.5541515
1996,NYISO,1348.260927,1360.247064,1340.3041,1308.7526,81.51609,87.955109,7.4609933,7.6408639
1997,NYISO,1336.587173,1334.060202,1336.3917,1313.6799,81.278145,88.286255,7.4828358,7.6122041
1998,NYISO,1366.800733,1311.636494,1340.9976,1338.0741,81.558273,89.925667,7.4571352,7.4734278
1999,NYISO,1323.561445,1296.61085,988.57642,957.59802,60.124332,64.355659,10.115556,10.442795
2000,NYISO,912.6593366,2007.605336,634.54926,607.72498,38.592716,40.842339,15.759218,16.454811
2001,NYISO,640.5656372,579.6498359,627.92975,613.91583,38.190125,41.258396,15.925348,16.288877
2002,NYISO,624.6410353,639.0438406,617.73444,626.50598,37.570053,42.104523,16.188187,15.961539
2003,NYISO,609.8112455,634.2463149,607.16992,633.79626,36.927532,42.594467,16.469854,15.777941
2004,NYISO,580.3190543,666.2867314,595.38934,646.96973,36.211048,43.479794,16.795732,15.456674
2005,NYISO,584.3022303,626.4389164,589.04633,650.14874,35.825268,43.693439,16.976593,15.381096
2006,NYISO,588.7144119,674.5065043,589.02203,659.41821,35.823792,44.316399,16.977293,15.164883
2007,NYISO,592.0368513,643.3057179,589.8512,678.69128,35.874222,45.611652,16.953428,14.73424
2008,NYISO,601.1057976,702.2241752,578.75623,690.83319,35.199436,46.42765,17.278431,14.475274
2009,NYISO,574.6665151,764.1652751,557.79193,695.0509,33.924404,46.711105,17.927832,14.387436
2010,NYISO,512.0352437,646.9855308,531.18585,701.04138,32.306248,47.113697,18.825802,14.264493
2011,NYISO,496.1407571,688.3213871,506.22806,693.87469,30.788338,46.632057,19.753942,14.411824
2012,NYISO,483.0417889,717.8502101,488.80963,684.45178,29.728964,45.998787,20.457863,14.610233
2013,NYISO,485.1986336,670.0894293,482.47812,700.06311,29.343887,47.047951,20.726328,14.284427
2014,NYISO,470.2001235,675.9538635,480.96671,723.82166,29.251965,48.64465,20.79146,13.815557
2015,NYISO,483.0406946,774.286453,485.95407,787.69995,29.55529,52.937611,20.578077,12.695189
2016,NYISO,488.5594596,815.1449735,491.54324,868.25769,29.89522,58.351517,20.34409,11.517318
2017,NYISO,513.7898445,1060.75672,496.82809,949.80133,30.216639,63.831684,20.127686,10.528518
2018,NYISO,495.8087671,998.8205693,499.56458,1011.327,30.38307,67.966537,20.017431,9.8879986
2019,NYISO,494.3202244,1066.050964,501.65753,1056.691,30.510361,71.015236,19.933918,9.4635038
2020,NYISO,502.7744908,1066.632106,501.08173,1065.4771,30.475342,71.605705,19.956825,9.3854675
2021,NYISO,510.9838575,1116.51963,499.31277,1079.3864,30.367756,72.540482,20.027527,9.2645235
2022,NYISO,498.0296832,1047.510886,490.52106,1075.1876,29.833052,72.258308,20.386484,9.3007021
2023,NYISO,478.9798552,1099.659765,481.41229,1069.6841,29.279064,71.888435,20.772215,9.3485546
2024,NYISO,449.5897693,1028.742881,471.06537,1059.0266,28.649773,71.172203,21.228476,9.4426336
1990,PACE,1307.782461,1494.57396,1329.3683,1510.6139,100,100,7.5223699,6.6198254
1991,PACE,1334.878652,1535.240988,1335.033,1508.9868,100.42612,99.892288,7.4904518,6.6269631
1992,PACE,1328.659831,1515.791982,1339.7273,1504.3635,100.77924,99.586235,7.4642057,6.6473293
1993,PACE,1321.205701,1492.438797,1343.3499,1498.8427,101.05174,99.220764,7.444077,6.6718144
1994,PACE,1343.639097,1515.606537,1346.6344,1494.2628,101.29882,98.917587,7.4259205,6.6922631
1995,PACE,1331.008455,1499.883357,1348.303,1489.4143,101.42434,98.596626,7.4167304,6.7140484
1996,PACE,1404.942357,1480.568223,1346.6539,1479.9691,101.30029,97.971367,7.4258127,6.7568979
1997,PACE,1397.568016,1407.769086,1339.3705,1461.5723,100.7524,96.753532,7.4661942,6.8419471
1998,PACE,1429.94051,1442.539968,1324.7961,1436.2407,99.656067,95.07663,7.5483313,6.9626212
1999,PACE,1429.533417,1468.756254,1308.7186,1407.5044,98.446655,93.174332,7.6410618,7.1047735
2000,PACE,1378.309233,1535.129164,1294.4999,1380.1479,97.377068,91.36338,7.7249908,7.2456002
2001,PACE,1281.037203,1386.619941,1285.1844,1363.5447,96.676331,90.264275,7.7809844,7.3338265
2002,PACE,1245.855877,1320.443712,1280.7112,1364.7861,96.339836,90.346458,7.8081617,7.3271551
2003,PACE,1206.57696,1358.982832,1279.9681,1377.5582,96.283936,91.191948,7.8126945,7.2592211
2004,PACE,1189.805163,1340.439498,1283.6597,1392.1552,96.56163,92.158241,7.7902269,7.1831074
2005,PACE,1322.720446,1332.515069,1288.467,1406.0479,96.923256,93.077911,7.7611609,7.1121335
2006,PACE,1322.438939,1435.215527,1290.7955,1417.2465,97.098412,93.819237,7.7471604,7.0559359
2007,PACE,1390.091144,1550.566563,1291.1227,1427.8016,97.123024,94.517975,7.7451973,7.0037742
2008,PACE,1336.921964,1487.786886,1293.2678,1437.7333,97.284393,95.17543,7.7323503,6.9553928
2009,PACE,1311.654265,1473.148661,1298.0381,1446.009,97.643227,95.723274,7.7039342,6.915586
2010,PACE,1293.297131,1432.111959,1302.069,1452.9021,97.946442,96.179581,7.6800847,6.8827763
2011,PACE,1256.667832,1336.039911,1303.8137,1456.4025,98.07769,96.411301,7.6698074,6.8662338
2012,PACE,1213.835888,1472.937339,1304.174,1455.0973,98.10479,96.324898,7.6676888,6.8723927
2013,PACE,1219.967469,1447.889583,1307.0692,1453.4425,98.322578,96.215355,7.6507044,6.8802171
2014,PACE,1384.828588,1503.961842,1314.131,1454.8116,98.85379,96.305992,7.6095915,6.8737421
2015,PACE,1376.308662,1491.043433,1325.6619,1459.7908,99.721191,96.635597,7.5434017,6.850297
2016,PACE,1309.789776,1504.747724,1341.0282,1470.9082,100.8771,97.371552,7.456965,6.7985206
2017,PACE,1353.244241,1389.400805,1356.8052,1485.2006,102.0639,98.31768,7.370255,6.7330976
2018,PACE,1341.133891,1459.101743,1366.6628,1496.5405,102.80544,99.068367,7.3170938,6.6820774
2019,PACE,1414.325879,1444.831919,1371.4789,1500.8734,103.16772,99.355194,7.291399,6.662787
2020,PACE,1426.684523,1548.175048,1372.3207,1501.4138,103.23104,99.390968,7.2869267,6.6603889
2021,PACE,1409.8495,1630.290075,1370.3807,1502.9818,103.08511,99.494766,7.2972422,6.6534405
2022,PACE,1477.694291,1636.451565,1369.0303,1505.957,102.98352,99.691727,7.3044405,6.6402955
2023,PACE,1343.984956,1427.834262,1366.8842,1507.4143,102.82208,99.788193,7.3159089,6.6338763
2024,PACE,1173.903793,1359.899926,1361.4596,1503.1425,102.41402,99.505402,7.3450584,6.6527295
1990,PJM,450.4589975,409.5355321,439.38361,398.61047,100,100,22.759155,25.087149
1991,PJM,438.8773005,397.9193596,436.97794,396.88754,99.452492,99.567764,22.884451,25.196054
1992,PJM,434.8082434,387.7233086,434.77414,395.79782,98.950928,99.294388,23.000448,25.265425
1993,PJM,430.9129719,396.3304756,433.28244,394.44305,98.611427,98.954514,23.079634,25.352201
1994,PJM,425.8340285,388.6403268,432.36343,393.0842,98.402267,98.613617,23.128691,25.439842
1995,PJM,426.7249456,398.0282613,431.85983,392.65833,98.287651,98.506775,23.155661,25.467434
1996,PJM,427.4823959,388.6460654,432.18024,392.88727,98.360573,98.564209,23.138494,25.452593
1997,PJM,448.1282684,394.3894009,428.51627,395.37973,97.526688,99.189499,23.336336,25.292141
1998,PJM,429.0686699,411.1347234,411.8512,413.57547,93.733856,103.75429,24.280615,24.179384
1999,PJM,399.2557839,446.0680677,381.35953,439.6423,86.794212,110.29372,26.221975,22.745764
2000,PJM,437.3774022,508.5910057,344.72043,463.64514,78.45546,116.31535,29.009014,21.568218
2001,PJM,337.3928321,501.956408,315.08536,473.8725,71.71077,118.8811,31.737432,21.102722
2002,PJM,314.5454352,465.5992621,302.27084,470.18832,68.794296,117.95684,33.082912,21.268074
2003,PJM,296.636098,467.913381,296.9259,465.1702,67.577827,116.69794,33.678436,21.497507
2004,PJM,268.6487638,459.720394,291.13474,459.72775,66.259811,115.33258,34.348358,21.752005
2005,PJM,282.3180569,441.7122052,284.40421,455.01901,64.727997,114.15129,35.161224,21.977104
2006,PJM,286.4437208,452.3662761,278.54492,454.29465,63.394474,113.96957,35.900852,22.012146
2007,PJM,271.5476228,438.775669,274.90176,453.85461,62.565323,113.85918,36.376633,22.033487
2008,PJM,271.0165932,461.7277807,272.51813,454.6618,62.022827,114.06168,36.694805,21.99437
2009,PJM,268.4954918,478.7480584,270.06,458.71976,61.463375,115.0797,37.028809,21.799803
2010,PJM,268.8815107,444.9332334,267.76144,462.02335,60.940243,115.90848,37.346676,21.643929
2011,PJM,263.7747049,448.8322894,266.82553,464.87469,60.727238,116.6238,37.477673,21.511173
2012,PJM,262.298527,493.8627314,266.95758,469.32852,60.757294,117.74114,37.459133,21.307037
2013,PJM,263.1605997,465.8376615,267.27295,475.99179,60.829067,119.41277,37.414936,21.008766
2014,PJM,272.4735567,457.16377,266.63861,484.49893,60.684696,121.54697,37.503944,20.639881
2015,PJM,271.6229765,507.7053475,264.39755,489.79468,60.174652,122.87552,37.821835,20.416718
2016,PJM,274.3546925,516.8265463,260.18668,490.05789,59.21629,122.94155,38.433945,20.405752
2017,PJM,257.8933489,508.911064,253.92896,488.0903,57.792088,122.44794,39.381092,20.488012
2018,PJM,243.5375942,478.5437657,246.11156,480.67856,56.012913,120.58854,40.631981,20.803923
2019,PJM,232.1415361,462.2773914,237.47202,467.06866,54.046627,117.17421,42.110226,21.410128
2020,PJM,224.8671186,462.2863848,228.49181,451.89264,52.002808,113.36697,43.765247,22.12915
2021,PJM,218.9309059,425.0652109,221.05095,438.25287,50.30933,109.94514,45.238438,22.817877
2022,PJM,219.6758386,415.93405,215.86496,428.93103,49.129044,107.60656,46.325256,23.313772
2023,PJM,202.0937464,417.2664983,211.94568,421.75092,48.237049,105.80527,47.1819,23.710678
2024,PJM,197.6471579,405.4605057,208.63391,415.5889,47.483318,104.2594,47.930847,24.062241
1990,PSCO,3405.579541,3706.869683,3486.5422,3632.344,100,100,2.8681712,2.7530432
1991,PSCO,3398.299723,3531.565677,3460.468,3624.6917,99.252144,99.78933,2.8897824,2.7588553
1992,PSCO,3688.930428,3697.102944,3429.7612,3616.7698,98.371422,99.571236,2.9156549,2.7648981
1993,PSCO,3683.857188,3582.569323,3395.3975,3608.2532,97.385811,99.336769,2.9451632,2.7714241
1994,PSCO,3473.365082,3613.118531,3359.3752,3597.2856,96.352631,99.034828,2.9767439,2.7798738
1995,PSCO,3479.815485,3549.385017,3327.9971,3590.0405,95.452652,98.835365,3.0048103,2.7854838
1996,PSCO,3608.202205,3620.067785,3301.2527,3582.0327,94.685577,98.614906,3.0291531,2.7917109
1997,PSCO,3511.693957,3526.011907,3276.3284,3589.1099,93.970703,98.809746,3.0521972,2.7862062
1998,PSCO,3704.895749,3623.472242,3252.5002,3641.3977,93.287277,100.24925,3.0745578,2.7461982
1999,PSCO,3686.141625,3910.087571,3229.6389,3723.9812,92.631577,102.52281,3.0963213,2.6852982
2000,PSCO,3682.596216,4176.922619,3208.1606,3790.3848,92.015541,104.35093,3.1170509,2.6382546
2001,PSCO,3650.462607,3881.459271,3187.3193,3815.437,91.417778,105.04063,3.1374328,2.6209319
2002,PSCO,3508.175667,3923.208451,3166.04,3801.9558,90.807449,104.66949,3.1585197,2.6302252
2003,PSCO,2835.835288,3793.228114,3143.7832,3765.5972,90.169083,103.66852,3.180881,2.6556213
2004,PSCO,2772.998272,3683.611759,3120.2603,3720.428,89.494408,102.42499,3.2048609,2.6878629
2005,PSCO,2818.980628,3671.628435,3095.7915,3662.9309,88.792603,100.84207,3.2301917,2.7300541
2006,PSCO,2818.980628,3672.086422,3069.9248,3598.5244,88.050697,99.068932,3.2574089,2.7789168
2007,PSCO,2551.964185,3403.813914,3043.3179,3560.3608,87.287567,98.018272,3.2858875,2.8087041
2008,PSCO,2558.264179,3585.253147,3014.4485,3550.8032,86.459541,97.75515,3.3173563,2.8162642
2009,PSCO,2649.186619,3263.164854,2984.4856,3557.6069,85.600159,97.942459,3.3506613,2.8108783
2010,PSCO,3400.979268,3605.289872,2957.8811,3575.6311,84.837097,98.438667,3.3807986,2.7967091
2011,PSCO,3280.546606,3785.813481,2934.876,3607.0896,84.177269,99.304733,3.407299,2.7723181
2012,PSCO,3016.042679,3667.846544,2915.5793,3641.7007,83.62381,100.25759,3.4298501,2.7459698
2013,PSCO,3034.353053,3674.340832,2900.5005,3672.031,83.191322,101.0926,3.447681,2.7232885
2014,PSCO,3041.826074,3620.453654,2888.2747,3683.4302,82.84066,101.40643,3.4622746,2.7148607
2015,PSCO,3151.986219,3756.232583,2875.6567,3667.1133,82.47876,100.95721,3.4774666,2.7269406
2016,PSCO,3037.873323,3669.292262,2862.2185,3624.675,82.09333,99.788872,3.4937932,2.758868
2017,PSCO,2915.685623,3702.081549,2848.9011,3557.3362,81.711365,97.935005,3.5101254,2.8110921
2018,PSCO,2874.110376,3547.275769,2840.01,3474.5205,81.456352,95.655052,3.5211143,2.8780949
2019,PSCO,2852.894155,3460.477718,2834.2622,3379.8091,81.291489,93.047607,3.528255,2.9587469
2020,PSCO,2953.766958,2947.979135,2827.8032,3284.5779,81.106239,90.42585,3.536314,3.0445313
2021,PSCO,2769.808317,3290.884877,2820.0925,3196.5129,80.885078,88.001381,3.5459828,3.1284091
2022,PSCO,2600.597291,2977.206866,2811.1294,3130.6895,80.628006,86.189232,3.5572891,3.1941845
2023,PSCO,2161.119168,3252.573276,2799.8496,3085.1899,80.304482,84.936615,3.5716205,3.2412915
2024,PSCO,2094.822782,2850.000258,2783.1592,3063.2114,79.825768,84.331535,3.5930393,3.2645478
1990,SOCO,3111.879428,3405.117348,3156.1956,3364.8889,100,100,3.1683714,2.9718664
1991,SOCO,3193.22886,3363.335241,3144.9368,3362.4866,99.64328,99.928604,3.1797142,2.9739895
1992,SOCO,3178.363426,3329.719208,3115.3442,3352.8921,98.705681,99.643471,3.2099183,2.9824998
1993,SOCO,3139.14528,3344.995431,3071.6531,3340.3599,97.321381,99.271027,3.2555759,2.9936895
1994,SOCO,2994.93468,3375.31146,3009.8604,3329.9429,95.363556,98.961449,3.3224132,3.0030546
1995,SOCO,2874.920569,3357.43006,2949.2039,3318.1492,93.441734,98.610954,3.3907456,3.0137284
1996,SOCO,2885.459554,3235.713598,2899.8606,3307.6626,91.878357,98.299309,3.4484417,3.023283
1997,SOCO,2792.236658,3243.156347,2862.1104,3275.7881,90.682289,97.352043,3.4939253,3.0527005
1998,SOCO,2789.531146,3160.534442,2757.3027,3211.7065,87.361595,95.447624,3.6267326,3.1136096
1999,SOCO,2826.407179,3299.592004,2462.2017,3153.3757,78.011696,93.714111,4.0614057,3.1712048
2000,SOCO,2829.466428,3784.626318,2059.5767,3096.9417,65.255043,92.036964,4.8553667,3.228992
2001,SOCO,2235.322252,3051.66127,1802.2521,3061.8601,57.102039,90.994392,5.5486135,3.2659886
2002,SOCO,1800.561908,2930.807115,1677.1243,3036.8923,53.137527,90.25238,5.9625874,3.2928398
2003,SOCO,1381.112146,3219.207322,1575.3127,3022.5962,49.911758,89.827515,6.3479457,3.3084142
2004,SOCO,1325.748568,2977.046108,1482.618,3005.5698,46.974846,89.321518,6.7448254,3.3271561
2005,SOCO,1262.30964,3035.496002,1412.5438,2968.4502,44.754635,88.218369,7.0794263,3.3687613
2006,SOCO,1501.169699,2948.233436,1408.3368,2907.0469,44.621342,86.393547,7.1005745,3.4399171
2007,SOCO,1476.129774,2887.428131,1430.7091,2816.7617,45.330181,83.710396,6.9895411,3.5501761
2008,SOCO,1449.279833,2895.686119,1448.6119,2689.2131,45.897408,79.919823,6.9031601,3.7185597
2009,SOCO,1462.241505,2563.075502,1456.3127,2566.926,46.141399,76.285606,6.8666568,3.8957102
2010,SOCO,1423.591062,2436.581355,1456.2415,2443.0796,46.139137,72.605057,6.866993,4.0931945
2011,SOCO,1441.584129,2173.053306,1460.1364,2318.0825,46.262543,68.890312,6.8486753,4.3139105
2012,SOCO,1502.916059,1936.611041,1457.2854,2201.2305,46.172215,65.417625,6.8620739,4.5429139
2013,SOCO,1481.088119,2196.704887,1443.3074,2099.5237,45.72934,62.395039,6.9285312,4.7629852
2014,SOCO,1460.728726,2121.37408,1419.6669,2024.1429,44.98032,60.154823,7.0439062,4.9403625
2015,SOCO,1343.840106,1868.811256,1387.9802,1960.4713,43.976368,58.262585,7.2047138,5.1008143
2016,SOCO,1331.339896,1886.773608,1352.8026,1902.8978,42.861813,56.551579,7.3920612,5.2551427
2017,SOCO,1316.151799,1857.80507,1323.3899,1849.282,41.929909,54.958187,7.5563521,5.4075041
2018,SOCO,1322.269521,1836.730781,1302.8005,1785.2872,41.277561,53.056351,7.6757722,5.6013393
2019,SOCO,1259.059715,1718.6251,1283.2485,1730.2029,40.658081,51.419315,7.7927227,5.7796688
2020,SOCO,1290.616669,1578.756053,1257.2887,1692.3885,39.835575,50.295525,7.9536228,5.9088087
2021,SOCO,1252.685731,1672.186381,1228.321,1661.412,38.917774,49.374943,8.1411943,6.0189767
2022,SOCO,1167.32538,1577.806992,1204.2399,1636.6368,38.154793,48.63866,8.3039932,6.1100912
2023,SOCO,1152.961006,1560.285975,1184.7052,1618.2469,37.535862,48.092136,8.4409189,6.1795263
2024,SOCO,1151.604661,1656.007153,1166.1022,1610.3721,36.946449,47.858105,8.5755777,6.2097449
1990,SPP,503.7737881,561.6871759,494.3804,554.8504,100,100,20.227339,18.022877
1991,SPP,500.0203595,543.1475994,490.99927,554.9248,99.316086,100.01341,20.366629,18.02046
1992,SPP,505.9333667,561.1565589,486.0517,550.62048,98.315323,99.237648,20.573944,18.161329
1993,SPP,505.7611852,556.3822822,479.83905,544.24677,97.05867,98.088921,20.840321,18.374018
1994,SPP,501.3144866,524.4314549,472.67896,541.3385,95.610374,97.564766,21.156008,18.472731
1995,SPP,483.6317501,527.6166118,464.80237,537.50702,94.017151,96.874222,21.514521,18.604408
1996,SPP,479.1958636,549.4655956,456.27701,536.24243,92.292694,96.646309,21.916512,18.648281
1997,SPP,466.4104457,537.0503781,447.02841,539.26251,90.421951,97.190613,22.369944,18.543844
1998,SPP,477.794257,532.6786437,437.12311,541.21686,88.418373,97.542847,22.87685,18.476881
1999,SPP,471.0226917,541.3073668,426.47015,522.51715,86.263565,94.172615,23.448299,19.138128
2000,SPP,450.566223,573.2830516,415.00906,495.65009,83.94529,89.330399,24.09586,20.175524
2001,SPP,402.3330476,508.7739424,402.47952,490.44522,81.410896,88.392334,24.845985,20.389637
2002,SPP,386.5708478,473.8306019,389.5394,486.35083,78.793457,87.654404,25.671345,20.561289
2003,SPP,369.5232762,484.7235626,376.91946,481.79416,76.240776,86.83316,26.530867,20.755753
2004,SPP,363.9345368,476.2458621,364.82959,475.72556,73.795319,85.739426,27.410057,21.020523
2005,SPP,355.0141464,471.4205128,353.39124,471.25763,71.481644,84.934181,28.297249,21.219816
2006,SPP,355.7322821,468.8724938,342.7135,463.72906,69.321823,83.577316,29.178892,21.564316
2007,SPP,329.744639,454.2363445,332.86392,454.02707,67.329514,81.828735,30.042307,22.025118
2008,SPP,333.3366745,445.537844,323.93753,443.65457,65.523941,79.959312,30.87015,22.540058
2009,SPP,320.142428,426.4593769,316.00229,433.02094,63.918854,78.042824,31.64534,23.093573
2010,SPP,320.0142815,425.5412269,307.91806,420.85266,62.28363,75.849754,32.476173,23.761286
2011,SPP,315.9999803,415.8230925,298.91299,406.33771,60.462143,73.233742,33.454552,24.610071
2012,SPP,296.7551169,387.6158134,288.81305,389.79443,58.419193,70.252167,34.624474,25.654549
2013,SPP,292.5092721,369.247532,278.27115,366.89294,56.28685,66.124657,35.936172,27.255907
2014,SPP,280.3079604,350.9151124,268.20264,339.78784,54.250256,61.23954,37.28524,29.430128
2015,SPP,258.8663109,307.4355011,259.14941,311.82437,52.419029,56.199718,38.587776,32.069336
2016,SPP,235.3039361,277.1179512,250.86223,282.7511,50.742752,50.959881,39.862518,35.366795
2017,SPP,225.6665302,255.5409773,243.17627,254.88635,49.188087,45.937851,41.122433,39.233173
2018,SPP,214.1142284,228.1419758,236.03416,230.26024,47.743431,41.499516,42.366749,43.429123
2019,SPP,208.0274245,207.4568533,229.2428,210.3324,46.369717,37.907948,43.621872,47.543793
2020,SPP,193.5568597,182.0567108,222.72795,193.83871,45.051937,34.93531,44.897823,51.589283
2021,SPP,185.2894528,185.7572322,216.44722,181.86829,43.781513,32.777897,46.200638,54.984848
2022,SPP,179.1846092,170.4162845,210.41522,172.76834,42.561401,31.137823,47.525078,57.880974
2023,SPP,174.546994,166.4313912,204.74571,168.03122,41.414608,30.284058,48.841072,59.512749
2024,SPP,163.5315531,155.8865673,199.40706,163.24202,40.334743,29.420906,50.148678,61.258736
1990,TVA,8484.886085,8855.822427,8453.4902,8814.8115,100,100,1.1829433,1.1344543
1991,TVA,8505.25744,8741.662287,8439.0166,8817.3193,99.828789,100.02845,1.1849722,1.1341316
1992,TVA,8403.990773,8808.736177,8427.9902,8824.5254,99.698349,100.1102,1.1865225,1.1332054
1993,TVA,8383.326306,8960.121297,8417.0518,8833.3838,99.568954,100.21069,1.1880645,1.132069
1994,TVA,8375.346987,8647.842078,8407.9023,8840.6348,99.460724,100.29295,1.1893573,1.1311405
1995,TVA,8417.048126,8884.231433,8401.293,8848.3271,99.382538,100.38022,1.190293,1.1301571
1996,TVA,8379.036884,8898.906257,8402.0996,8858.0791,99.392075,100.49085,1.1901788,1.1289129
1997,TVA,8443.123484,8948.277773,8386.582,8848.4541,99.208511,100.38166,1.1923809,1.1301409
1998,TVA,8400.580526,8976.07522,8212.4541,8787.2109,97.148682,99.686882,1.2176628,1.1380175
1999,TVA,8564.413253,9157.113231,7667.2729,8682.7676,90.699493,98.502022,1.3042446,1.1517065
2000,TVA,8348.540001,9602.607874,6852.5444,8535.4434,81.061722,96.830696,1.459312,1.1715853
2001,TVA,7683.246386,8817.671161,6159.1948,8368.917,72.859787,94.941528,1.6235888,1.1948978
2002,TVA,6090.597991,8292.434185,5815.7441,8216.4854,68.796959,93.212265,1.7194704,1.2170655
2003,TVA,4949.906107,8166.687962,5612.8203,8107.4771,66.396484,91.975616,1.7816355,1.2334293
2004,TVA,4898.845442,8058.547565,5461.9331,8012.0122,64.611572,90.892609,1.8308536,1.2481259
2005,TVA,4876.445877,7853.836537,5332.6904,7880.8027,63.082706,89.404099,1.875226,1.2689062
2006,TVA,5303.454534,7714.267333,5360.8286,7709.2119,63.415565,87.457481,1.8653833,1.2971494
2007,TVA,5668.696171,7480.14216,5499.0615,7529.5957,65.050781,85.419815,1.8184921,1.3280926
2008,TVA,5901.408248,7834.458121,5658.2144,7365.5518,66.933472,83.558815,1.767342,1.3576715
2009,TVA,5889.71318,6952.754172,5794.519,7217.9658,68.545876,81.884514,1.7257688,1.3854319
2010,TVA,5731.988168,6804.318793,5875.2207,7074.7974,69.500534,80.260338,1.7020637,1.413468
2011,TVA,5998.406282,6722.484039,5899.8223,6919.3726,69.791557,78.497116,1.6949663,1.4452177
2012,TVA,6028.741896,6801.869225,5904.2886,6759.2944,69.844391,76.681099,1.6936841,1.4794444
2013,TVA,5966.106897,6955.876366,5905.5137,6599.1641,69.858879,74.864494,1.6933328,1.5153434
2014,TVA,5725.22253,6758.728784,5901.2227,6456.7632,69.808121,73.249023,1.6945641,1.5487636
2015,TVA,5917.807314,6059.713927,5878.1216,6330.8516,69.534851,71.82061,1.7012237,1.5795664
2016,TVA,5916.173239,5936.022343,5850.0005,6209.4771,69.202194,70.443672,1.7094016,1.6104416
2017,TVA,5835.942473,6045.444004,5821.6792,6088.5313,68.867165,69.071602,1.7177174,1.6424322
2018,TVA,5789.943077,5787.572895,5793.0679,5970.77,68.528709,67.735649,1.7262011,1.6748259
2019,TVA,5784.526228,5908.621846,5752.0039,5872.584,68.042946,66.621773,1.7385246,1.7028279
2020,TVA,5684.704985,5935.036824,5705.9849,5806.8066,67.498566,65.875565,1.7525458,1.7221169
2021,TVA,5630.694179,5849.156624,5654.6484,5762.9707,66.891289,65.378265,1.7684566,1.7352161
2022,TVA,5628.570793,5585.463916,5614.7939,5722.1421,66.41983,64.915085,1.7810093,1.7475973
2023,TVA,5628.996844,5569.079766,5579.6294,5685.4067,66.003853,64.498337,1.7922337,1.7588891
2024,TVA,5361.027265,5465.985537,5549.6567,5644.8618,65.649292,64.038376,1.8019133,1.7715225
